Name, Link
Area Chart PowerPoint Template,https://24slides.com/templates/view/data-tables-graphs-charts/area-chart-powerpoint-template
Block Chain Data PowerPoint Template,https://24slides.com/templates/view/data-tables-graphs-charts/block-chain-data-powerpoint-template
Cockpit Chart Presentation Template,https://24slides.com/templates/view/data-tables-graphs-charts/cockpit-chart-presentation-template
Cockpit Chart Templates,https://24slides.com/templates/view/data-tables-graphs-charts/cockpit-chart-templates
Creative Area Chart PowerPoint Template,https://24slides.com/templates/view/data-tables-graphs-charts/creative-area-chart-powerpoint-template
Creative Dot Charts PowerPoint Template,https://24slides.com/templates/view/data-tables-graphs-charts/creative-dot-charts-powerpoint-template
Dashboard Template Pack,https://24slides.com/templates/view/data-tables-graphs-charts/dashboard-template-pack
Data Driven 3,https://24slides.com/templates/view/data-tables-graphs-charts/data-driven-3
Data Driven Collection PowerPoint Template,https://24slides.com/templates/view/data-tables-graphs-charts/data-driven-collection-powerpoint-template
Data Driven Financial Templates,https://24slides.com/templates/view/data-tables-graphs-charts/data-driven-financial-templates
Data Driven PowerPoint Templates,https://24slides.com/templates/view/data-tables-graphs-charts/data-driven-powerpoint-templates
Data Driven Slides Templates,https://24slides.com/templates/view/data-tables-graphs-charts/data-driven-slides-templates
Financial Data Driven PowerPoint Templates,https://24slides.com/templates/view/data-tables-graphs-charts/financial-data-driven-powerpoint-templates
Financial Matrix PowerPoint Template,https://24slides.com/templates/view/data-tables-graphs-charts/financial-matrix-powerpoint-template
Financial Pie Graphs PowerPoint Templates,https://24slides.com/templates/view/data-tables-graphs-charts/financial-pie-graphs-powerpoint-templates
Financial SWOT PowerPoint Templates,https://24slides.com/templates/view/data-tables-graphs-charts/financial-swot-powerpoint-templates
Flow Chart PowerPoint Template,https://24slides.com/templates/view/data-tables-graphs-charts/flow-chart-powerpoint-template
Generic Data Driven PowerPoint Template,https://24slides.com/templates/view/data-tables-graphs-charts/generic-data-driven-powerpoint-template
Graph, Diagram & Data Sheet PowerPoint Template,https://24slides.com/templates/view/data-tables-graphs-charts/graph-diagram-data-sheet-powerpoint-template
Matrix Chart PowerPoint Template,https://24slides.com/templates/view/data-tables-graphs-charts/matrix-chart-powerpoint-template
Organizational Chart PowerPoint Template,https://24slides.com/templates/view/data-tables-graphs-charts/organizational-chart-powerpoint-template
Pie Chart PowerPoint Template,https://24slides.com/templates/view/data-tables-graphs-charts/pie-chart-powerpoint-template
Playful Venn Diagram PowerPoint Template,https://24slides.com/templates/view/data-tables-graphs-charts/playful-venn-diagram-powerpoint-template
Presentation Template for Revenue Data,https://24slides.com/templates/view/data-tables-graphs-charts/presentation-template-for-revenue-data
Research & Development Data Templates,https://24slides.com/templates/view/data-tables-graphs-charts/research-development-data-templates
Research Data Presentation Templates,https://24slides.com/templates/view/data-tables-graphs-charts/research-data-presentation-templates
Risk Matrix Presentation Templates,https://24slides.com/templates/view/data-tables-graphs-charts/risk-matrix-presentation-templates
Sales Report Presentation Template,https://24slides.com/templates/view/data-tables-graphs-charts/sales-report-presentation-template
Sales Reports Presentation Templates,https://24slides.com/templates/view/data-tables-graphs-charts/sales-reports-presentation-templates
Science Graph PowerPoint Template,https://24slides.com/templates/view/data-tables-graphs-charts/science-graph-powerpoint-template
Science Pie Graph PowerPoint Templates,https://24slides.com/templates/view/data-tables-graphs-charts/science-pie-graph-powerpoint-templates
Signup now,https://24slides.com/templates/register
Spider Chart PowerPoint Template,https://24slides.com/templates/view/data-tables-graphs-charts/spider-chart-powerpoint-template
Stair Diagram PowerPoint Template,https://24slides.com/templates/view/data-tables-graphs-charts/stair-diagram-powerpoint-template
Survey Results PowerPoint Template,https://24slides.com/templates/view/data-tables-graphs-charts/survey-results-powerpoint-template
Tables PowerPoint Template,https://24slides.com/templates/view/data-tables-graphs-charts/tables-powerpoint-template
Venn Diagram PowerPoint Template,https://24slides.com/templates/view/data-tables-graphs-charts/venn-diagram-powerpoint-template
Venn Diagram Presentation Template,https://24slides.com/templates/view/data-tables-graphs-charts/venn-diagram-presentation-template
